{
  "n_samples": 20000,
  "spectra_shape": [
    20000,
    12,
    101
  ],
  "molecules_shape": [
    20000,
    12
  ],
  "molecule_names": [
    "H2O",
    "CO2",
    "O2",
    "O3",
    "CH4",
    "N2",
    "N2O",
    "CO",
    "H2",
    "H2S",
    "SO2",
    "NH3"
  ],
  "clima_channels": [
    "J",
    "P",
    "ALT",
    "T",
    "CONVEC",
    "DT",
    "TOLD",
    "FH20",
    "FSAVE",
    "FO3",
    "TCOOL",
    "THEAT"
  ],
  "aux_keys": [
    "flux_CH4",
    "flux_CO",
    "flux_CO2",
    "flux_H2O",
    "flux_NH3",
    "flux_O3",
    "pressure",
    "temperature",
    "input_CH4",
    "input_CO2",
    "input_O2"
  ],
  "in_channels": 12,
  "seq_len": 101,
  "log_floor": -40.0,
  "seed": 42,
  "source_dir": "/Users/bhalchandra/Downloads/full_inara",
  "molecule_stats": {
    "H2O": {
      "mean": -1.9100861549377441,
      "std": 0.00017735094297677279,
      "min": -1.9100948572158813,
      "max": -1.9065783023834229
    },
    "CO2": {
      "mean": -2.004429578781128,
      "std": 0.841367244720459,
      "min": -3.397939920425415,
      "max": -0.45593196153640747
    },
    "O2": {
      "mean": -0.7017769813537598,
      "std": 0.1716376543045044,
      "min": -1.6989699602127075,
      "max": -0.045757491141557693
    },
    "O3": {
      "mean": -7.78005313873291,
      "std": 0.12239748239517212,
      "min": -8.588379859924316,
      "max": -7.405607223510742
    },
    "CH4": {
      "mean": -2.894512176513672,
      "std": 1.8229056596755981,
      "min": -5.787812232971191,
      "max": -0.886056661605835
    },
    "N2": {
      "mean": -0.11203727126121521,
      "std": 0.04455074667930603,
      "min": -1.0570003986358643,
      "max": -0.014259259216487408
    },
    "N2O": {
      "mean": -6.589234352111816,
      "std": 0.15281376242637634,
      "min": -7.485452175140381,
      "max": -6.183095932006836
    },
    "CO": {
      "mean": -4.38309383392334,
      "std": 1.334022045135498,
      "min": -6.86012077331543,
      "max": -2.8297383785247803
    },
    "H2": {
      "mean": -5.474074840545654,
      "std": 2.531562089920044,
      "min": -7.187086582183838,
      "max": -0.7695510983467102
    },
    "H2S": {
      "mean": -10.35456371307373,
      "std": 0.39539456367492676,
      "min": -11.1624116897583,
      "max": -9.712198257446289
    },
    "SO2": {
      "mean": -9.834599494934082,
      "std": 0.11237286776304245,
      "min": -9.939302444458008,
      "max": -9.432973861694336
    },
    "NH3": {
      "mean": -40.0,
      "std": 0.0,
      "min": -40.0,
      "max": -40.0
    }
  },
  "processing_time_s": 473.8
}